Year,Country,Region,Gaming_Revenue_BillionUSD,Esports_Revenue_MillionUSD,Active_Players_Million,Esports_Viewers_Million,Avg_Spending_USD,Top_Genre,Top_Platform,Esports_Tournaments_Count,Pro_Players_Count,Internet_Penetration_Percent,Avg_Latency_ms,AR_VR_Adoption_Index,Streaming_Influence_Index,Covid_Impact_Index,Female_Gamer_Percent,Mobile_Gaming_Share,Esports_PrizePool_MillionUSD,Gaming_Companies_Count
2010,United States,North America,6.24,409.6,11.0,17.9,133.9,Strategy,Mobile,104,15912,82.5,95.4,0.13,0.1,0.0,13.0,20.0,34.0,395
2011,United States,North America,7.74,622.7,32.4,76.7,64.9,Sports,Console,63,13797,70.5,83.9,0.08,0.16,0.0,10.7,23.0,10.2,60
2012,United States,North America,9.6,928.3,51.9,148.4,84.1,MOBA,Mobile,22,3982,63.7,32.3,0.11,0.22,0.0,13.3,26.0,8.5,349
2013,United States,North America,11.91,1321.8,50.3,92.9,76.9,MOBA,Mobile,54,8262,51.4,88.2,0.14,0.28,0.0,12.8,29.0,18.3,53
2014,United States,North America,14.77,869.1,13.4,21.3,69.0,Strategy,Mobile,84,24024,93.4,70.5,0.14,0.34,0.0,17.0,32.0,18.3,50
2015,United States,North America,18.31,944.4,26.6,60.8,65.2,RPG,Console,67,12596,84.7,30.6,0.06,0.4,0.0,17.3,35.0,13.4,240
2016,United States,North America,22.71,3066.3,28.1,47.5,74.5,Sports,Mobile,66,17490,89.9,60.4,0.21,0.46,0.0,20.5,38.0,20.9,110
2017,United States,North America,28.17,2129.6,4.3,12.7,43.3,FPS,PC,81,18468,72.9,93.1,0.21,0.52,0.0,23.2,41.0,12.8,416
2018,United States,North America,34.93,2455.8,56.7,152.9,113.4,FPS,PC,32,3680,89.2,85.3,0.38,0.58,0.0,27.9,44.0,9.8,53
2019,United States,North America,43.32,3571.0,9.1,20.1,138.8,FPS,PC,5,850,88.7,25.5,0.47,0.64,0.0,24.6,47.0,1.6,465
2020,United States,North America,53.72,4133.4,16.2,29.7,56.3,FPS,Mobile,92,25944,93.3,43.9,0.6,1.11,0.41,26.4,50.0,23.1,395
2021,United States,North America,66.62,5630.1,38.8,111.0,93.7,Sports,Console,94,19646,84.3,42.8,0.56,1.24,0.48,28.2,53.0,27.1,264
2022,United States,North America,82.62,12256.3,25.1,78.7,125.8,Strategy,Console,77,13321,76.6,75.8,0.65,0.82,0.0,32.8,56.0,21.3,412
2023,United States,North America,102.46,8695.6,7.6,25.6,77.7,RPG,PC,43,5633,55.1,94.4,0.78,0.88,0.0,32.9,59.0,15.5,487
2024,United States,North America,127.07,8576.5,59.0,149.4,61.3,Strategy,PC,5,485,89.7,39.2,0.77,0.94,0.0,34.8,62.0,2.0,242
2025,United States,North America,157.58,22016.0,53.5,163.5,107.0,Sports,Mobile,79,12798,50.4,32.6,0.96,1.0,0.0,33.3,65.0,15.0,108
2010,China,Asia,14.63,1387.7,59.7,110.5,32.2,RPG,PC,18,1260,63.9,65.7,0.09,0.1,0.0,6.1,20.0,3.5,452
2011,China,Asia,16.19,1204.8,58.4,133.6,137.0,FPS,Console,31,2356,72.2,39.6,0.03,0.16,0.0,10.1,23.0,10.8,326
2012,China,Asia,17.92,2273.6,4.5,15.8,86.4,Sports,PC,50,8300,92.9,49.8,0.24,0.22,0.0,13.3,26.0,18.5,311
2013,China,Asia,19.84,1755.8,51.4,109.6,50.3,MOBA,Console,29,8207,75.7,32.3,0.08,0.28,0.0,16.6,29.0,11.1,297
2014,China,Asia,21.96,1655.8,19.1,41.0,131.8,Strategy,Mobile,13,1196,86.4,85.8,0.04,0.34,0.0,19.4,32.0,4.3,418
2015,China,Asia,24.3,1227.6,38.4,72.6,38.5,RPG,Console,114,22002,51.2,68.4,0.06,0.4,0.0,18.7,35.0,18.5,297
2016,China,Asia,26.89,2596.9,33.5,69.4,100.9,RPG,PC,90,8820,73.5,82.7,0.16,0.46,0.0,20.2,38.0,14.3,117
2017,China,Asia,29.77,1642.1,32.8,84.7,106.5,Sports,Mobile,56,10808,64.5,84.6,0.22,0.52,0.0,22.1,41.0,22.1,328
2018,China,Asia,32.94,2473.7,12.7,21.1,81.4,MOBA,PC,16,4704,69.9,43.0,0.42,0.58,0.0,22.5,44.0,2.6,127
2019,China,Asia,36.46,2843.9,57.4,170.8,96.5,Sports,Mobile,26,3692,66.0,81.8,0.47,0.64,0.0,27.5,47.0,6.6,194
2020,China,Asia,40.36,3415.4,29.0,81.0,35.8,MOBA,Mobile,73,10877,92.0,62.6,0.53,1.04,0.34,27.9,50.0,11.8,334
2021,China,Asia,44.67,6450.9,52.3,145.0,126.1,FPS,PC,16,3632,86.5,86.5,0.61,1.23,0.47,28.6,53.0,4.7,277
2022,China,Asia,49.44,6947.4,13.4,21.9,42.1,FPS,Mobile,6,1752,64.4,88.4,0.68,0.82,0.0,29.8,56.0,1.8,99
2023,China,Asia,54.71,5449.8,42.2,92.7,142.4,FPS,Mobile,40,10640,69.1,67.6,0.68,0.88,0.0,30.0,59.0,14.0,236
2024,China,Asia,60.56,5280.7,47.0,102.6,141.7,Strategy,Console,41,2501,84.0,32.7,0.82,0.94,0.0,33.6,62.0,10.5,282
2025,China,Asia,67.02,5962.5,19.3,32.7,36.4,FPS,Console,65,18330,93.1,75.8,0.88,1.0,0.0,41.5,65.0,23.5,61
2010,Japan,Asia,9.03,748.1,41.0,123.2,125.0,MOBA,Mobile,61,5368,52.6,66.2,0.01,0.1,0.0,9.1,20.0,10.5,142
2011,Japan,Asia,10.62,1280.6,58.2,167.3,130.4,Strategy,Mobile,21,5859,67.8,91.9,0.12,0.16,0.0,15.0,23.0,3.6,203
2012,Japan,Asia,12.49,1808.1,59.2,178.0,75.2,RPG,Mobile,35,2380,90.8,33.3,0.16,0.22,0.0,12.4,26.0,12.1,460
2013,Japan,Asia,14.7,1574.7,45.0,136.5,128.7,Sports,Mobile,43,2150,68.0,60.8,0.07,0.28,0.0,12.0,29.0,13.8,418
2014,Japan,Asia,17.29,2529.8,2.7,9.3,35.2,RPG,PC,25,3225,61.4,77.2,0.08,0.34,0.0,17.6,32.0,7.0,450
2015,Japan,Asia,20.34,2431.9,28.4,78.1,100.1,Sports,Mobile,20,5280,92.8,91.8,0.21,0.4,0.0,19.1,35.0,3.2,469
2016,Japan,Asia,23.93,1602.2,39.5,90.0,57.5,Sports,Console,32,8608,81.4,65.2,0.16,0.46,0.0,18.5,38.0,7.7,426
2017,Japan,Asia,28.14,2169.8,9.7,16.1,142.9,MOBA,Mobile,119,29274,92.0,90.0,0.35,0.52,0.0,18.7,41.0,36.1,374
2018,Japan,Asia,33.11,4230.0,29.9,103.6,75.2,RPG,Console,30,3360,75.6,29.8,0.32,0.58,0.0,21.0,44.0,7.4,114
2019,Japan,Asia,38.95,2167.0,52.2,163.0,150.0,Strategy,PC,106,5512,92.5,88.7,0.34,0.64,0.0,23.8,47.0,30.6,154
2020,Japan,Asia,45.82,3549.6,14.0,45.7,120.8,MOBA,Mobile,38,5358,73.4,82.9,0.47,1.0,0.3,25.1,50.0,8.3,388
2021,Japan,Asia,53.9,4961.5,47.5,132.0,126.6,MOBA,Mobile,107,23005,77.4,72.7,0.55,1.08,0.32,33.4,53.0,32.6,344
2022,Japan,Asia,63.4,5378.2,31.8,97.6,77.6,Strategy,Mobile,110,11000,91.7,61.9,0.7,0.82,0.0,29.7,56.0,35.7,349
2023,Japan,Asia,74.59,7403.5,21.1,58.3,58.8,RPG,Mobile,119,19040,81.4,38.5,0.76,0.88,0.0,31.6,59.0,21.7,397
2024,Japan,Asia,87.74,8545.6,40.7,75.1,53.1,Sports,Mobile,23,1610,58.0,31.7,0.86,0.94,0.0,32.8,62.0,4.4,10
2025,Japan,Asia,103.21,14390.4,9.5,20.5,68.6,RPG,Console,30,8940,67.0,25.2,0.79,1.0,0.0,36.0,65.0,8.1,301
2010,South Korea,Asia,12.29,1069.5,30.1,82.4,74.3,RPG,Console,92,16468,82.1,92.1,0.07,0.1,0.0,8.8,20.0,31.0,247
2011,South Korea,Asia,14.74,1322.4,8.1,24.0,51.9,MOBA,Mobile,43,10062,55.4,91.8,0.08,0.16,0.0,13.5,23.0,15.5,221
2012,South Korea,Asia,17.68,2031.4,29.8,79.6,118.4,Sports,Console,115,6555,67.0,50.3,-0.01,0.22,0.0,12.6,26.0,34.1,189
2013,South Korea,Asia,21.21,1816.1,59.2,160.6,58.5,Sports,Mobile,26,1820,58.4,46.4,0.15,0.28,0.0,18.8,29.0,4.9,104
2014,South Korea,Asia,25.45,3607.0,2.3,8.0,88.9,MOBA,Console,106,24168,74.1,60.7,0.11,0.34,0.0,18.5,32.0,37.7,182
2015,South Korea,Asia,30.53,2514.6,26.7,67.1,59.1,Strategy,Mobile,51,2550,56.9,61.1,0.07,0.4,0.0,19.5,35.0,15.4,268
2016,South Korea,Asia,36.62,2323.5,5.7,19.8,68.7,Strategy,PC,6,798,84.2,69.7,0.17,0.46,0.0,19.2,38.0,1.3,417
2017,South Korea,Asia,43.94,2665.6,51.3,153.6,79.0,RPG,Console,79,14694,91.7,79.1,0.32,0.52,0.0,22.6,41.0,15.9,69
2018,South Korea,Asia,52.71,6827.2,13.7,25.0,49.7,MOBA,Mobile,9,1188,66.1,90.8,0.33,0.58,0.0,23.6,44.0,2.8,98
2019,South Korea,Asia,63.23,7675.0,54.2,148.9,94.8,FPS,PC,67,12864,67.6,64.9,0.39,0.64,0.0,28.8,47.0,19.7,318
2020,South Korea,Asia,75.86,10922.0,38.4,83.3,46.7,Sports,Mobile,19,3040,90.2,84.1,0.46,1.26,0.56,27.2,50.0,5.8,47
2021,South Korea,Asia,91.0,5852.5,13.9,40.6,89.3,Strategy,Console,78,11388,67.0,59.3,0.63,1.26,0.5,29.8,53.0,13.7,445
2022,South Korea,Asia,109.17,7095.1,15.3,45.0,116.4,Sports,Mobile,99,16236,61.3,50.9,0.72,0.82,0.0,29.1,56.0,32.0,20
2023,South Korea,Asia,130.97,9525.8,26.6,55.2,103.8,MOBA,PC,94,17860,61.5,79.5,0.73,0.88,0.0,32.3,59.0,17.4,180
2024,South Korea,Asia,157.11,18801.0,55.5,161.8,48.3,RPG,PC,96,7680,54.7,88.0,0.83,0.94,0.0,34.8,62.0,29.0,276
2025,South Korea,Asia,188.48,27986.5,50.7,88.6,140.5,Strategy,Console,67,15477,52.5,50.1,0.85,1.0,0.0,34.7,65.0,18.7,445
2010,Germany,Europe,12.03,1640.2,55.5,135.0,87.7,RPG,Console,95,6270,56.3,38.2,0.09,0.1,0.0,8.1,20.0,28.2,464
2011,Germany,Europe,14.08,1095.1,14.8,28.4,91.8,Sports,Mobile,85,11305,88.7,65.1,0.15,0.16,0.0,10.3,23.0,22.5,369
2012,Germany,Europe,16.49,935.0,45.5,87.3,137.8,Strategy,PC,36,7452,71.2,67.4,0.23,0.22,0.0,13.5,26.0,7.1,27
2013,Germany,Europe,19.3,1983.6,33.0,81.2,89.6,Strategy,Console,55,6160,92.6,53.0,0.15,0.28,0.0,13.0,29.0,9.7,467
2014,Germany,Europe,22.6,2939.5,58.8,186.9,134.0,RPG,Console,12,1368,80.2,26.5,0.1,0.34,0.0,18.6,32.0,3.5,63
2015,Germany,Europe,26.46,3670.8,34.3,100.9,126.6,RPG,PC,92,11684,56.3,55.5,0.14,0.4,0.0,14.6,35.0,27.7,320
2016,Germany,Europe,30.97,4313.7,49.4,107.9,61.1,Sports,PC,6,1464,65.5,83.0,0.1,0.46,0.0,23.5,38.0,1.8,402
2017,Germany,Europe,36.26,5252.6,46.3,82.4,134.2,FPS,Mobile,63,18081,51.0,45.2,0.17,0.52,0.0,20.6,41.0,16.9,49
2018,Germany,Europe,42.45,3048.4,39.4,92.4,45.9,Strategy,Console,33,5214,87.0,64.7,0.3,0.58,0.0,26.6,44.0,10.7,51
2019,Germany,Europe,49.7,5239.7,39.8,125.7,54.8,FPS,Console,110,14850,89.3,69.8,0.34,0.64,0.0,26.1,47.0,20.3,277
2020,Germany,Europe,58.19,7786.5,25.5,77.4,80.6,RPG,PC,6,618,77.1,43.4,0.64,1.15,0.45,26.2,50.0,2.0,158
2021,Germany,Europe,68.13,8321.8,37.4,127.1,77.6,FPS,Mobile,28,8260,51.4,44.7,0.62,1.29,0.53,28.1,53.0,5.1,236
2022,Germany,Europe,79.76,11606.7,11.0,30.1,86.9,FPS,PC,77,19250,81.7,69.9,0.67,0.82,0.0,30.5,56.0,18.3,34
2023,Germany,Europe,93.38,12133.5,42.3,86.5,100.8,RPG,PC,23,3450,56.2,96.3,0.78,0.88,0.0,30.5,59.0,4.0,320
2024,Germany,Europe,109.32,15940.8,46.0,127.7,121.1,FPS,Mobile,105,17535,72.0,41.6,0.78,0.94,0.0,33.4,62.0,32.5,419
2025,Germany,Europe,127.99,6964.6,36.1,126.4,96.7,Strategy,Console,90,26910,63.4,94.3,0.91,1.0,0.0,34.2,65.0,20.5,324
2010,UK,Europe,14.22,1164.7,50.1,78.8,101.6,MOBA,Console,103,16171,81.3,50.5,0.1,0.1,0.0,10.1,20.0,18.6,192
2011,UK,Europe,16.28,2122.8,33.2,93.8,118.5,Sports,Mobile,37,2405,68.8,59.6,0.17,0.16,0.0,7.9,23.0,9.5,43
2012,UK,Europe,18.64,2420.6,59.9,131.8,122.1,FPS,Console,97,10767,67.9,31.9,0.14,0.22,0.0,13.4,26.0,26.2,368
2013,UK,Europe,21.34,1074.0,29.1,60.9,132.3,FPS,PC,22,5258,94.4,57.1,0.19,0.28,0.0,15.3,29.0,6.5,314
2014,UK,Europe,24.43,3557.6,48.3,97.4,100.6,RPG,Mobile,43,10019,77.6,37.5,0.05,0.34,0.0,16.1,32.0,16.0,61
2015,UK,Europe,27.97,3741.3,15.4,48.6,44.4,FPS,PC,111,30525,93.1,87.0,0.09,0.4,0.0,17.0,35.0,27.3,14
2016,UK,Europe,32.02,3829.2,10.9,34.2,56.9,Strategy,Mobile,115,15870,70.6,54.3,0.25,0.46,0.0,18.9,38.0,34.3,132
2017,UK,Europe,36.65,3851.7,7.0,16.3,74.7,MOBA,Mobile,76,13832,93.3,33.2,0.29,0.52,0.0,23.8,41.0,12.3,293
2018,UK,Europe,41.96,4584.0,49.8,109.4,111.4,RPG,PC,95,24130,57.1,37.0,0.17,0.58,0.0,21.6,44.0,20.6,278
2019,UK,Europe,48.04,5669.4,37.9,113.8,49.0,RPG,Console,111,10434,87.2,34.7,0.45,0.64,0.0,26.7,47.0,40.8,372
2020,UK,Europe,55.0,4172.7,13.2,22.0,69.2,MOBA,PC,109,7194,85.1,33.0,0.58,0.99,0.29,27.4,50.0,19.5,423
2021,UK,Europe,62.96,5617.4,12.4,37.3,124.7,Sports,Console,24,3480,57.5,82.8,0.64,0.97,0.21,27.9,53.0,8.2,410
2022,UK,Europe,72.08,8080.1,4.7,15.1,146.8,RPG,PC,33,8349,67.3,29.9,0.57,0.82,0.0,31.9,56.0,11.1,42
2023,UK,Europe,82.53,10484.1,41.6,99.6,62.8,Strategy,PC,33,1749,57.4,84.6,0.73,0.88,0.0,27.6,59.0,8.5,166
2024,UK,Europe,94.48,12025.5,15.3,27.0,134.2,Strategy,Console,112,26096,68.9,72.9,0.86,0.94,0.0,32.3,62.0,28.9,271
2025,UK,Europe,108.16,8782.3,20.6,60.8,119.5,Sports,Mobile,39,4407,88.9,60.5,0.88,1.0,0.0,38.1,65.0,14.3,81
2010,France,Europe,3.23,167.2,48.2,100.7,139.4,FPS,Mobile,7,1379,55.3,34.4,0.18,0.1,0.0,5.0,20.0,2.4,245
2011,France,Europe,3.52,255.6,11.3,31.8,69.1,Strategy,PC,6,822,50.5,30.4,0.12,0.16,0.0,8.5,23.0,1.5,329
2012,France,Europe,3.84,469.5,40.1,120.9,144.3,RPG,PC,45,8325,60.9,99.0,0.12,0.22,0.0,13.2,26.0,14.9,169
2013,France,Europe,4.19,297.7,22.1,67.3,142.9,FPS,PC,101,5151,53.7,86.8,0.1,0.28,0.0,14.2,29.0,28.6,163
2014,France,Europe,4.57,488.0,42.0,130.2,54.0,Strategy,Console,48,4704,90.3,69.6,0.05,0.34,0.0,16.1,32.0,18.6,82
2015,France,Europe,4.99,602.8,52.5,153.8,126.2,RPG,Mobile,66,10560,86.8,58.9,0.1,0.4,0.0,17.0,35.0,23.3,12
2016,France,Europe,5.44,594.5,39.7,97.6,103.9,Strategy,PC,23,2392,85.5,74.4,0.26,0.46,0.0,19.1,38.0,6.2,316
2017,France,Europe,5.93,618.4,30.6,50.9,78.4,FPS,Console,65,9230,70.8,90.1,0.19,0.52,0.0,24.1,41.0,16.5,168
2018,France,Europe,6.47,730.3,44.7,135.5,90.6,FPS,Mobile,54,12204,82.6,61.5,0.4,0.58,0.0,22.8,44.0,15.0,75
2019,France,Europe,7.06,815.1,59.5,123.1,73.1,Strategy,Console,7,2002,60.6,83.2,0.49,0.64,0.0,25.9,47.0,1.9,109
2020,France,Europe,7.7,1132.6,12.5,40.1,89.1,FPS,Mobile,66,19470,54.3,73.9,0.47,1.26,0.56,25.3,50.0,24.3,354
2021,France,Europe,8.4,692.8,46.9,82.6,146.4,RPG,Mobile,51,4080,57.6,64.0,0.62,1.35,0.59,25.8,53.0,10.7,275
2022,France,Europe,9.16,869.5,36.1,122.6,60.3,Strategy,Console,88,6776,79.9,60.6,0.62,0.82,0.0,30.8,56.0,14.0,129
2023,France,Europe,9.99,1366.7,13.9,24.0,62.4,Sports,Mobile,6,1500,51.8,34.2,0.76,0.88,0.0,34.3,59.0,1.7,207
2024,France,Europe,10.89,1294.5,25.0,61.6,112.3,FPS,Console,102,27132,70.5,63.7,0.83,0.94,0.0,31.5,62.0,31.6,187
2025,France,Europe,11.88,743.6,9.7,17.3,142.8,Strategy,Mobile,12,3492,89.1,38.3,0.92,1.0,0.0,30.8,65.0,2.4,299
2010,Brazil,South America,10.26,763.7,50.2,162.1,122.2,Sports,PC,95,11495,77.0,95.6,0.09,0.1,0.0,9.9,20.0,33.1,151
2011,Brazil,South America,12.78,775.5,40.2,140.5,35.8,Strategy,PC,77,16170,54.1,46.7,0.18,0.16,0.0,9.4,23.0,19.4,468
2012,Brazil,South America,15.93,1317.2,40.7,126.9,121.5,RPG,PC,109,7848,55.4,65.8,0.09,0.22,0.0,15.3,26.0,28.2,98
2013,Brazil,South America,19.84,2201.9,34.7,78.4,95.8,RPG,Mobile,37,3626,53.3,70.3,0.16,0.28,0.0,12.1,29.0,10.6,119
2014,Brazil,South America,24.71,2472.6,33.5,113.9,131.7,FPS,PC,32,5312,67.9,68.5,0.16,0.34,0.0,18.1,32.0,11.3,309
2015,Brazil,South America,30.79,3230.9,45.3,132.8,92.5,Strategy,Console,25,5000,61.0,94.5,-0.02,0.4,0.0,17.3,35.0,6.4,280
2016,Brazil,South America,38.35,2663.9,11.6,31.9,92.8,Sports,Console,114,8664,76.1,31.7,0.18,0.46,0.0,17.2,38.0,43.6,167
2017,Brazil,South America,47.78,4364.7,9.1,16.9,111.7,FPS,Mobile,78,6864,58.3,93.8,0.21,0.52,0.0,23.5,41.0,21.9,93
2018,Brazil,South America,59.52,6250.7,4.5,12.5,144.2,Sports,PC,26,4342,85.7,73.5,0.41,0.58,0.0,23.2,44.0,7.2,481
2019,Brazil,South America,74.14,10380.2,22.5,44.4,123.7,Sports,Console,54,10854,80.0,32.2,0.48,0.64,0.0,24.4,47.0,19.2,173
2020,Brazil,South America,92.36,6790.8,52.4,128.2,94.2,RPG,Console,26,5850,74.6,42.4,0.44,0.96,0.26,26.2,50.0,5.9,87
2021,Brazil,South America,115.06,13529.0,27.7,66.2,116.9,RPG,Mobile,79,22120,65.2,92.9,0.61,1.21,0.45,25.2,53.0,18.6,118
2022,Brazil,South America,143.33,12254.7,6.0,15.3,38.1,Strategy,Mobile,9,1989,76.7,76.0,0.6,0.82,0.0,28.6,56.0,1.9,309
2023,Brazil,South America,178.55,20881.3,59.7,168.5,96.9,Sports,Mobile,102,26928,93.1,38.1,0.68,0.88,0.0,29.2,59.0,27.2,296
2024,Brazil,South America,222.43,20229.1,26.5,83.4,30.1,RPG,Mobile,20,3780,60.6,54.9,0.79,0.94,0.0,34.4,62.0,7.9,113
2025,Brazil,South America,277.08,32461.7,7.4,14.9,124.5,Sports,Mobile,36,7560,57.2,29.7,0.86,1.0,0.0,36.6,65.0,10.9,301
2010,Turkey,Middle East,5.24,753.5,34.1,72.0,77.6,RPG,Mobile,27,5481,72.4,99.4,0.06,0.1,0.0,9.5,20.0,8.1,110
2011,Turkey,Middle East,5.78,518.7,33.3,91.8,110.9,RPG,Console,110,22770,63.7,31.1,0.1,0.16,0.0,6.7,23.0,36.3,414
2012,Turkey,Middle East,6.38,685.4,29.8,63.4,102.8,Strategy,Console,69,10971,92.9,86.9,0.14,0.22,0.0,13.6,26.0,25.8,150
2013,Turkey,Middle East,7.03,369.6,9.8,33.7,95.9,Strategy,Console,36,6372,72.8,58.0,0.07,0.28,0.0,14.6,29.0,9.3,325
2014,Turkey,Middle East,7.75,670.3,24.4,64.2,53.0,MOBA,PC,93,16647,77.9,47.3,0.1,0.34,0.0,16.2,32.0,25.2,480
2015,Turkey,Middle East,8.55,531.1,19.6,33.3,113.1,FPS,PC,101,5353,77.7,48.0,0.07,0.4,0.0,17.5,35.0,31.1,317
2016,Turkey,Middle East,9.42,1153.7,47.9,110.7,108.5,Strategy,PC,103,5768,84.6,25.8,0.23,0.46,0.0,20.9,38.0,29.0,395
2017,Turkey,Middle East,10.39,1340.7,35.8,102.4,52.8,MOBA,Mobile,9,1026,78.3,39.9,0.25,0.52,0.0,19.6,41.0,2.1,494
2018,Turkey,Middle East,11.46,698.6,33.8,81.4,131.3,Sports,Mobile,59,9794,64.6,80.3,0.34,0.58,0.0,24.5,44.0,16.1,241
2019,Turkey,Middle East,12.63,1717.5,24.8,84.5,46.0,FPS,PC,68,4488,86.4,30.7,0.44,0.64,0.0,27.4,47.0,21.4,106
2020,Turkey,Middle East,13.93,1614.8,53.9,149.5,103.7,RPG,PC,64,8704,83.2,63.4,0.61,1.24,0.54,25.5,50.0,17.9,110
2021,Turkey,Middle East,15.36,929.7,4.1,10.2,76.5,Sports,Console,35,5565,92.4,83.8,0.63,0.98,0.22,29.5,53.0,13.9,60
2022,Turkey,Middle East,16.93,1295.6,3.2,5.4,146.1,FPS,PC,99,18315,67.2,40.4,0.72,0.82,0.0,31.4,56.0,33.9,58
2023,Turkey,Middle East,18.67,1062.9,57.7,141.7,137.5,RPG,Mobile,14,2772,77.1,68.7,0.7,0.88,0.0,29.9,59.0,2.5,360
2024,Turkey,Middle East,20.59,1351.9,4.5,7.8,101.8,Sports,Mobile,77,15554,77.6,95.7,0.94,0.94,0.0,34.2,62.0,18.8,423
2025,Turkey,Middle East,22.7,2261.1,2.7,9.5,110.6,Sports,PC,98,16464,74.5,72.7,0.91,1.0,0.0,36.0,65.0,36.2,158
2010,Canada,North America,14.7,814.0,20.6,61.8,62.3,MOBA,PC,96,7488,80.8,31.9,0.04,0.1,0.0,10.5,20.0,31.9,59
2011,Canada,North America,17.63,2363.9,44.5,115.0,100.8,RPG,Console,60,3120,81.0,90.5,0.1,0.16,0.0,8.7,23.0,13.5,376
2012,Canada,North America,21.15,1397.8,34.4,107.3,119.0,RPG,Mobile,7,1694,79.6,48.3,0.09,0.22,0.0,15.4,26.0,1.5,414
2013,Canada,North America,25.37,1745.8,22.6,69.4,96.5,Sports,PC,90,25470,50.5,81.2,0.14,0.28,0.0,17.9,29.0,30.6,446
2014,Canada,North America,30.44,1975.2,19.7,64.2,149.6,Sports,Mobile,8,1280,89.9,69.5,0.03,0.34,0.0,14.5,32.0,2.1,302
2015,Canada,North America,36.52,3241.5,25.3,82.3,91.2,MOBA,Console,7,1855,81.6,29.0,0.08,0.4,0.0,17.5,35.0,1.2,33
2016,Canada,North America,43.81,3372.4,49.9,124.5,39.2,MOBA,Mobile,26,5226,59.4,86.9,0.23,0.46,0.0,21.2,38.0,6.1,28
2017,Canada,North America,52.55,4352.4,27.2,45.6,56.5,Sports,Mobile,96,9216,78.9,56.6,0.2,0.52,0.0,21.3,41.0,38.4,269
2018,Canada,North America,63.04,7476.5,59.5,178.1,118.8,Sports,PC,94,18142,94.1,37.4,0.27,0.58,0.0,23.3,44.0,18.9,116
2019,Canada,North America,75.63,6040.8,56.6,114.2,81.6,Strategy,PC,119,14042,69.6,95.3,0.43,0.64,0.0,21.5,47.0,42.9,365
2020,Canada,North America,90.73,9040.8,27.3,80.9,121.9,Sports,PC,58,12934,83.8,74.3,0.51,0.95,0.25,25.9,50.0,17.5,45
2021,Canada,North America,108.84,16052.5,23.5,55.5,131.4,Sports,Console,74,6882,52.8,93.0,0.62,0.97,0.21,26.9,53.0,14.0,450
2022,Canada,North America,130.57,16606.9,7.0,13.8,117.9,Strategy,Mobile,79,15563,87.3,84.1,0.59,0.82,0.0,27.8,56.0,14.4,151
2023,Canada,North America,156.64,10934.9,34.8,84.5,146.6,FPS,Mobile,16,4768,82.4,56.3,0.78,0.88,0.0,29.2,59.0,3.1,336
2024,Canada,North America,187.91,27820.4,15.2,35.1,95.1,MOBA,Mobile,43,5805,60.2,88.5,0.84,0.94,0.0,37.2,62.0,12.4,339
2025,Canada,North America,225.42,21692.5,25.9,72.5,95.5,Sports,Console,92,26496,70.7,28.9,0.92,1.0,0.0,36.8,65.0,25.6,328
2010,India,Asia,7.96,1001.9,45.7,70.2,45.2,RPG,PC,83,21829,70.3,98.9,0.11,0.1,0.0,12.1,20.0,15.8,35
2011,India,Asia,8.9,528.8,21.9,45.3,76.9,FPS,Console,103,5665,67.1,83.2,0.19,0.16,0.0,15.7,23.0,25.0,316
2012,India,Asia,9.95,591.1,22.7,68.4,63.2,MOBA,Mobile,76,7904,70.1,66.8,0.07,0.22,0.0,12.3,26.0,23.6,395
2013,India,Asia,11.12,1564.2,18.1,62.6,46.9,Strategy,Console,5,1480,64.1,84.9,0.14,0.28,0.0,14.1,29.0,1.0,375
2014,India,Asia,12.44,1824.6,26.2,91.0,110.2,MOBA,Console,17,3587,79.5,34.7,0.1,0.34,0.0,19.5,32.0,3.3,334
2015,India,Asia,13.9,1695.3,53.6,89.0,117.8,Sports,Mobile,65,17485,74.3,78.3,0.16,0.4,0.0,23.5,35.0,23.7,437
2016,India,Asia,15.54,1172.5,49.5,161.4,93.1,MOBA,Mobile,116,8120,82.4,56.5,0.11,0.46,0.0,22.2,38.0,20.7,43
2017,India,Asia,17.38,2170.1,39.8,109.0,72.3,RPG,Console,73,11461,51.4,80.4,0.23,0.52,0.0,17.6,41.0,19.6,427
2018,India,Asia,19.43,1106.6,12.1,39.0,57.3,RPG,Mobile,76,22496,73.1,47.9,0.4,0.58,0.0,21.1,44.0,16.7,200
2019,India,Asia,21.72,3048.4,15.5,48.3,37.1,RPG,Console,83,21497,75.2,33.3,0.49,0.64,0.0,24.0,47.0,26.0,385
2020,India,Asia,24.28,1526.8,25.9,80.5,87.5,MOBA,Mobile,117,8658,62.6,89.4,0.47,1.05,0.35,24.0,50.0,29.9,92
2021,India,Asia,27.14,3635.8,58.9,161.7,97.1,Strategy,PC,23,5152,53.1,44.7,0.61,1.35,0.59,30.1,53.0,6.0,274
2022,India,Asia,30.35,2431.5,36.7,76.9,66.0,Sports,Mobile,98,8820,80.1,69.5,0.66,0.82,0.0,29.4,56.0,15.9,434
2023,India,Asia,33.92,2664.1,26.9,54.7,124.7,Sports,PC,89,17622,77.0,33.6,0.8,0.88,0.0,31.9,59.0,14.8,210
2024,India,Asia,37.93,5041.5,53.0,140.1,92.1,Sports,Mobile,51,11067,84.8,70.1,0.83,0.94,0.0,34.6,62.0,11.7,35
2025,India,Asia,42.4,6140.0,27.8,85.6,106.8,Sports,Mobile,59,14632,85.4,97.8,0.88,1.0,0.0,34.3,65.0,10.8,203
2010,Indonesia,Asia,4.8,241.5,4.3,11.7,138.9,FPS,PC,87,15051,71.3,71.7,0.15,0.1,0.0,9.6,20.0,23.3,151
2011,Indonesia,Asia,5.5,388.6,32.0,48.3,30.9,Sports,PC,66,12210,65.2,85.2,0.02,0.16,0.0,13.2,23.0,10.5,442
2012,Indonesia,Asia,6.29,342.5,18.1,56.8,64.1,RPG,Console,21,2877,75.9,27.2,0.08,0.22,0.0,10.6,26.0,5.9,201
2013,Indonesia,Asia,7.2,644.1,26.5,61.5,138.9,FPS,PC,113,6893,82.3,96.6,0.08,0.28,0.0,13.7,29.0,36.0,462
2014,Indonesia,Asia,8.24,977.9,8.6,19.6,84.7,Sports,PC,86,23908,53.2,31.0,0.11,0.34,0.0,15.4,32.0,15.5,152
2015,Indonesia,Asia,9.43,1081.1,39.5,129.4,101.8,FPS,PC,18,4662,56.9,37.9,0.07,0.4,0.0,21.3,35.0,3.3,463
2016,Indonesia,Asia,10.8,693.3,2.7,6.3,65.4,MOBA,PC,69,7176,55.5,66.9,0.18,0.46,0.0,18.5,38.0,20.3,232
2017,Indonesia,Asia,12.36,701.2,24.5,78.4,78.5,MOBA,Mobile,49,8232,70.1,84.9,0.33,0.52,0.0,21.4,41.0,14.0,460
2018,Indonesia,Asia,14.14,1781.3,7.7,25.4,31.5,FPS,Console,61,10187,73.0,37.4,0.45,0.58,0.0,20.6,44.0,19.9,16
2019,Indonesia,Asia,16.19,850.7,39.5,109.4,70.9,FPS,PC,99,26532,80.5,70.4,0.37,0.64,0.0,24.1,47.0,25.0,427
2020,Indonesia,Asia,18.53,1121.6,11.7,40.3,57.4,Strategy,Mobile,92,21712,51.8,27.3,0.58,1.24,0.54,30.7,50.0,26.0,457
2021,Indonesia,Asia,21.21,1372.4,30.3,53.3,130.3,RPG,Console,41,8979,70.0,99.6,0.5,1.13,0.37,26.5,53.0,10.0,210
2022,Indonesia,Asia,24.28,2149.6,21.7,56.2,48.5,Strategy,Console,53,10070,87.7,51.7,0.65,0.82,0.0,30.9,56.0,15.1,363
2023,Indonesia,Asia,27.79,1549.4,21.9,44.6,146.0,Sports,Console,107,12519,56.3,58.3,0.7,0.88,0.0,30.4,59.0,25.3,120
2024,Indonesia,Asia,31.8,4078.3,44.6,93.7,69.1,Strategy,PC,28,8372,71.4,65.7,0.79,0.94,0.0,34.5,62.0,7.4,156
2025,Indonesia,Asia,36.4,4000.9,22.5,54.4,34.6,FPS,PC,15,4200,89.5,95.8,0.91,1.0,0.0,33.0,65.0,2.7,26
2010,Russia,Europe,14.29,1417.2,19.5,48.5,92.7,RPG,Console,66,17490,91.3,52.2,0.11,0.1,0.0,9.3,20.0,17.2,474
2011,Russia,Europe,16.47,2082.4,35.3,120.3,54.1,FPS,PC,77,9317,88.1,92.0,0.16,0.16,0.0,11.0,23.0,28.0,156
2012,Russia,Europe,18.98,1007.5,58.3,113.3,118.1,RPG,Console,118,32214,81.2,35.1,0.04,0.22,0.0,11.6,26.0,45.1,135
2013,Russia,Europe,21.88,1823.2,44.5,113.8,125.2,MOBA,PC,39,2652,54.0,25.2,0.15,0.28,0.0,16.0,29.0,7.8,76
2014,Russia,Europe,25.21,3127.7,10.3,30.9,122.3,RPG,Mobile,77,13552,54.7,54.9,0.14,0.34,0.0,17.7,32.0,28.6,299
2015,Russia,Europe,29.06,2636.2,5.8,12.8,43.3,MOBA,PC,64,16256,93.0,64.2,0.09,0.4,0.0,16.8,35.0,24.8,25
2016,Russia,Europe,33.5,4495.3,16.0,39.4,47.4,Sports,Mobile,94,5828,62.6,85.3,0.14,0.46,0.0,20.7,38.0,29.8,471
2017,Russia,Europe,38.61,2015.3,35.8,114.1,95.9,RPG,PC,34,7820,68.7,82.0,0.24,0.52,0.0,20.3,41.0,5.4,40
2018,Russia,Europe,44.5,4224.3,36.0,98.9,38.6,Sports,Mobile,36,5868,87.0,85.3,0.34,0.58,0.0,25.3,44.0,7.6,31
2019,Russia,Europe,51.29,7266.2,43.8,100.9,49.0,RPG,PC,38,4978,83.7,48.8,0.37,0.64,0.0,25.3,47.0,13.5,488
2020,Russia,Europe,59.11,6463.7,54.0,143.9,86.0,Strategy,Console,10,1180,87.2,34.7,0.54,0.98,0.28,28.5,50.0,3.9,146
2021,Russia,Europe,68.13,9482.9,27.2,90.2,75.3,MOBA,Console,80,18240,72.2,54.1,0.63,1.3,0.54,27.0,53.0,13.8,484
2022,Russia,Europe,78.53,5018.7,16.7,54.4,51.9,Sports,Console,28,4396,92.5,45.2,0.68,0.82,0.0,31.8,56.0,5.1,349
2023,Russia,Europe,90.51,4961.5,22.9,78.1,90.0,MOBA,Mobile,45,6660,84.7,25.2,0.77,0.88,0.0,34.1,59.0,11.9,464
2024,Russia,Europe,104.32,13792.6,51.3,98.7,108.9,FPS,PC,79,8137,83.9,27.7,0.8,0.94,0.0,36.2,62.0,29.2,402
2025,Russia,Europe,120.23,14892.2,20.3,56.6,77.4,Sports,PC,108,11124,62.9,52.6,0.92,1.0,0.0,33.2,65.0,21.6,322
2010,Spain,Europe,12.53,1488.2,16.0,53.3,130.6,RPG,PC,85,12665,83.1,49.8,0.05,0.1,0.0,10.2,20.0,32.9,277
2011,Spain,Europe,15.11,1456.9,57.9,146.9,111.3,FPS,Mobile,88,14784,88.6,68.2,0.1,0.16,0.0,11.7,23.0,30.2,179
2012,Spain,Europe,18.23,1130.7,17.4,26.7,65.2,Sports,PC,37,3848,66.7,25.1,0.13,0.22,0.0,14.5,26.0,10.3,52
2013,Spain,Europe,21.99,3033.5,41.2,106.8,129.6,Strategy,Mobile,91,24206,56.9,92.5,0.13,0.28,0.0,19.0,29.0,20.3,422
2014,Spain,Europe,26.53,2611.1,45.4,111.0,36.9,Strategy,Mobile,94,14382,79.0,67.1,0.06,0.34,0.0,15.1,32.0,36.3,287
2015,Spain,Europe,32.01,2227.4,10.2,27.9,123.8,Strategy,Console,49,6468,57.4,73.2,0.04,0.4,0.0,17.1,35.0,9.2,330
2016,Spain,Europe,38.62,3052.7,29.3,96.0,114.9,Strategy,PC,118,8850,70.1,35.1,0.21,0.46,0.0,19.5,38.0,22.0,443
2017,Spain,Europe,46.59,3979.8,57.0,195.4,104.5,MOBA,Mobile,66,8910,69.5,28.3,0.31,0.52,0.0,20.1,41.0,22.5,487
2018,Spain,Europe,56.2,7855.4,41.1,72.9,149.4,Sports,Mobile,54,3240,54.9,72.7,0.34,0.58,0.0,25.6,44.0,13.4,261
2019,Spain,Europe,67.8,5150.0,27.3,73.5,38.8,Sports,Console,86,17458,82.9,51.6,0.42,0.64,0.0,25.7,47.0,13.2,282
2020,Spain,Europe,81.8,10284.7,11.4,27.9,116.2,FPS,Console,115,16445,93.2,82.3,0.52,1.28,0.58,26.7,50.0,35.7,102
2021,Spain,Europe,98.68,7190.8,38.8,75.4,68.6,RPG,Mobile,70,7280,69.3,27.2,0.61,1.16,0.4,27.9,53.0,23.3,460
2022,Spain,Europe,119.05,11685.4,38.9,65.3,33.9,MOBA,Mobile,103,16686,78.0,99.4,0.83,0.82,0.0,27.1,56.0,26.9,358
2023,Spain,Europe,143.62,16611.9,15.9,30.0,140.2,FPS,PC,91,5369,60.3,96.7,0.64,0.88,0.0,33.5,59.0,32.8,287
2024,Spain,Europe,173.27,25131.8,35.7,84.8,99.6,RPG,PC,103,12875,65.9,92.1,0.8,0.94,0.0,34.7,62.0,35.0,336
2025,Spain,Europe,209.03,26402.9,49.7,163.0,95.3,RPG,Console,113,30510,51.5,72.7,0.88,1.0,0.0,37.2,65.0,24.2,484
2010,Italy,Europe,1.97,257.7,50.5,109.3,113.2,RPG,Mobile,28,2044,89.4,65.4,-0.03,0.1,0.0,10.4,20.0,8.8,257
2011,Italy,Europe,2.43,217.1,33.7,86.4,100.9,FPS,Mobile,64,6592,59.0,40.3,0.12,0.16,0.0,11.3,23.0,15.4,94
2012,Italy,Europe,3.01,151.1,44.3,152.1,56.9,Strategy,Console,40,11520,77.4,92.2,0.05,0.22,0.0,11.8,26.0,10.2,366
2013,Italy,Europe,3.73,254.4,23.5,77.7,126.8,Strategy,Mobile,43,2795,76.6,74.6,0.14,0.28,0.0,16.2,29.0,14.6,68
2014,Italy,Europe,4.62,240.6,17.6,44.6,62.3,FPS,Console,100,5900,82.1,81.9,0.17,0.34,0.0,15.7,32.0,27.0,111
2015,Italy,Europe,5.72,384.5,58.4,140.0,49.1,FPS,Console,19,2755,81.3,79.7,0.14,0.4,0.0,20.3,35.0,3.3,135
2016,Italy,Europe,7.08,390.9,10.2,19.7,109.8,Sports,Console,7,910,69.6,66.2,0.17,0.46,0.0,19.9,38.0,2.3,346
2017,Italy,Europe,8.77,1128.1,44.6,101.2,33.0,FPS,Mobile,39,10959,87.9,32.3,0.21,0.52,0.0,20.9,41.0,13.6,225
2018,Italy,Europe,10.86,1136.4,58.1,93.1,90.6,Strategy,Mobile,31,3999,74.9,54.7,0.38,0.58,0.0,24.5,44.0,11.3,388
2019,Italy,Europe,13.45,1582.8,38.3,81.6,128.0,RPG,Mobile,61,16958,87.5,93.0,0.43,0.64,0.0,25.5,47.0,10.2,219
2020,Italy,Europe,16.65,865.4,24.7,46.4,79.4,Sports,Mobile,10,1460,77.2,43.5,0.48,1.0,0.3,25.8,50.0,2.6,42
2021,Italy,Europe,20.61,1715.9,5.3,11.9,143.3,RPG,Mobile,17,2261,77.0,99.3,0.67,1.07,0.31,27.0,53.0,5.4,289
2022,Italy,Europe,25.52,3778.2,5.9,15.0,51.5,FPS,PC,10,1070,58.5,68.7,0.63,0.82,0.0,26.7,56.0,1.8,442
2023,Italy,Europe,31.6,2415.1,13.9,34.3,62.2,MOBA,Console,28,3444,76.8,37.9,0.68,0.88,0.0,28.3,59.0,9.0,239
2024,Italy,Europe,39.13,4678.7,28.6,48.1,96.4,RPG,Mobile,57,4731,70.3,75.4,0.81,0.94,0.0,31.9,62.0,18.6,335
2025,Italy,Europe,48.44,5317.6,52.2,177.3,42.7,RPG,PC,14,1428,59.1,69.1,0.84,1.0,0.0,33.2,65.0,5.4,107
2010,Australia,Oceania,6.23,894.8,33.4,113.0,56.5,FPS,Mobile,77,22022,50.4,57.5,0.03,0.1,0.0,13.1,20.0,23.4,428
2011,Australia,Oceania,6.6,869.9,31.7,75.4,149.6,FPS,Mobile,96,6336,81.5,40.3,0.12,0.16,0.0,12.3,23.0,27.5,48
2012,Australia,Oceania,7.0,867.2,2.8,5.6,55.7,RPG,PC,73,6716,69.1,41.2,0.11,0.22,0.0,12.9,26.0,15.5,170
2013,Australia,Oceania,7.42,1077.3,50.6,157.5,128.8,RPG,Mobile,63,7056,73.1,44.0,0.07,0.28,0.0,15.5,29.0,18.0,100
2014,Australia,Oceania,7.87,685.4,55.4,147.9,94.6,Strategy,PC,117,27729,51.6,84.1,0.06,0.34,0.0,16.7,32.0,28.3,267
2015,Australia,Oceania,8.34,1005.4,26.8,63.9,107.9,MOBA,Console,41,5248,63.2,58.3,0.03,0.4,0.0,19.7,35.0,6.8,194
2016,Australia,Oceania,8.84,802.5,29.2,45.5,55.2,MOBA,PC,5,520,61.7,37.0,0.2,0.46,0.0,17.4,38.0,1.6,422
2017,Australia,Oceania,9.37,1231.8,41.7,71.8,64.7,MOBA,Console,72,13608,61.5,80.7,0.3,0.52,0.0,22.3,41.0,15.3,387
2018,Australia,Oceania,9.94,802.7,55.0,187.3,69.2,FPS,PC,110,24860,54.6,54.5,0.36,0.58,0.0,24.4,44.0,30.4,118
2019,Australia,Oceania,10.53,1431.4,41.3,131.0,133.1,FPS,PC,71,14697,70.7,55.8,0.35,0.64,0.0,25.0,47.0,18.4,169
2020,Australia,Oceania,11.17,742.9,2.1,6.2,117.9,FPS,Mobile,22,3146,50.9,37.4,0.48,1.18,0.48,26.1,50.0,4.2,435
2021,Australia,Oceania,11.84,1281.0,8.9,17.1,67.3,RPG,Mobile,43,12728,59.9,97.0,0.6,1.31,0.55,26.6,53.0,9.1,81
2022,Australia,Oceania,12.55,1573.5,52.5,150.2,79.4,MOBA,Console,110,26620,74.6,68.2,0.66,0.82,0.0,30.4,56.0,22.1,102
2023,Australia,Oceania,13.3,1470.9,8.8,19.1,47.1,Strategy,Mobile,30,1980,90.3,40.3,0.69,0.88,0.0,31.8,59.0,6.0,314
2024,Australia,Oceania,14.1,1654.6,25.7,84.0,56.6,Sports,PC,30,5190,74.1,87.7,0.87,0.94,0.0,34.0,62.0,11.1,95
2025,Australia,Oceania,14.95,1246.3,47.9,115.1,52.0,RPG,Console,70,15260,53.4,54.1,0.9,1.0,0.0,37.4,65.0,25.9,241
2010,Mexico,North America,1.22,151.3,51.2,132.6,147.8,Sports,PC,86,9890,75.2,49.1,0.03,0.1,0.0,9.8,20.0,23.9,348
2011,Mexico,North America,1.35,149.2,43.0,96.7,74.3,RPG,Mobile,79,13509,59.8,74.6,0.11,0.16,0.0,11.1,23.0,18.8,58
2012,Mexico,North America,1.49,88.7,8.0,12.8,99.7,Strategy,Mobile,77,23023,86.1,63.9,0.17,0.22,0.0,10.6,26.0,22.1,218
2013,Mexico,North America,1.65,191.5,22.1,50.5,49.0,Strategy,Mobile,20,5280,90.0,68.4,0.06,0.28,0.0,18.0,29.0,6.0,479
2014,Mexico,North America,1.82,166.7,43.3,98.5,100.6,MOBA,Mobile,61,5429,89.1,79.3,0.06,0.34,0.0,18.8,32.0,18.3,404
2015,Mexico,North America,2.02,266.5,40.3,124.5,62.6,RPG,Mobile,42,12516,60.1,64.7,0.05,0.4,0.0,21.4,35.0,9.1,489
2016,Mexico,North America,2.23,160.3,36.5,74.1,109.4,Sports,Mobile,83,21248,81.5,52.6,0.21,0.46,0.0,18.1,38.0,28.6,37
2017,Mexico,North America,2.47,188.5,26.1,85.5,128.9,FPS,Mobile,64,10816,90.0,49.4,0.25,0.52,0.0,18.7,41.0,23.3,422
2018,Mexico,North America,2.73,162.2,45.4,141.8,114.8,Sports,Console,42,9450,92.0,85.1,0.43,0.58,0.0,21.9,44.0,15.0,70
2019,Mexico,North America,3.02,157.7,22.9,70.3,97.9,MOBA,PC,52,15288,84.3,27.9,0.37,0.64,0.0,24.5,47.0,10.8,216
2020,Mexico,North America,3.34,297.3,6.0,16.7,118.0,FPS,Console,70,8610,89.1,53.4,0.41,1.1,0.4,23.6,50.0,12.9,491
2021,Mexico,North America,3.69,552.4,58.9,164.9,126.5,RPG,Console,88,18920,87.5,52.2,0.51,1.1,0.34,28.6,53.0,26.2,191
2022,Mexico,North America,4.09,272.6,31.0,89.4,113.7,RPG,PC,109,25179,78.6,69.9,0.69,0.82,0.0,29.7,56.0,23.9,152
2023,Mexico,North America,4.52,654.7,5.5,15.8,33.0,Sports,Mobile,63,5796,91.0,72.9,0.67,0.88,0.0,36.1,59.0,16.6,99
2024,Mexico,North America,5.0,536.2,18.1,60.4,100.0,Sports,PC,76,11932,69.1,31.3,0.76,0.94,0.0,32.7,62.0,18.1,137
2025,Mexico,North America,5.53,658.4,36.6,91.6,147.1,FPS,Console,60,13500,59.0,41.2,0.83,1.0,0.0,36.3,65.0,14.6,474
2010,Sweden,Europe,9.72,546.5,21.4,35.0,147.0,Strategy,Console,53,3498,74.8,84.2,0.16,0.1,0.0,9.8,20.0,19.2,80
2011,Sweden,Europe,12.09,1172.1,17.6,29.9,50.1,FPS,Console,105,13965,85.9,49.5,0.07,0.16,0.0,10.3,23.0,41.3,401
2012,Sweden,Europe,15.05,1285.1,19.5,67.4,50.4,MOBA,Console,8,2176,63.6,67.3,0.08,0.22,0.0,15.5,26.0,2.8,105
2013,Sweden,Europe,18.74,2399.3,19.6,41.6,30.4,FPS,Console,64,15296,94.3,54.7,0.1,0.28,0.0,12.6,29.0,23.6,448
2014,Sweden,Europe,23.32,2235.2,44.1,116.7,110.1,Strategy,PC,44,8536,84.4,95.5,0.09,0.34,0.0,15.4,32.0,16.1,227
2015,Sweden,Europe,29.03,3604.2,30.6,75.4,130.6,MOBA,Console,75,22350,81.4,56.2,0.1,0.4,0.0,15.5,35.0,27.4,233
2016,Sweden,Europe,36.13,5244.0,12.2,32.1,99.5,Sports,Console,94,5922,92.0,80.6,0.17,0.46,0.0,19.4,38.0,29.3,196
2017,Sweden,Europe,44.97,3081.6,18.2,35.2,51.9,Strategy,Mobile,102,26214,93.6,67.8,0.27,0.52,0.0,19.5,41.0,22.6,194
2018,Sweden,Europe,55.97,8053.9,53.9,117.1,117.5,FPS,Console,97,11446,59.9,41.4,0.31,0.58,0.0,24.9,44.0,18.8,259
2019,Sweden,Europe,69.67,8720.2,38.2,103.1,36.4,FPS,PC,81,10530,65.8,32.0,0.55,0.64,0.0,26.2,47.0,15.2,67
2020,Sweden,Europe,86.71,11149.8,36.2,54.8,122.7,MOBA,Console,65,4225,76.9,100.0,0.54,0.99,0.29,27.0,50.0,19.7,105
2021,Sweden,Europe,107.93,12675.4,46.2,73.6,107.6,Sports,Mobile,87,14355,84.8,34.3,0.57,1.11,0.35,32.0,53.0,27.6,393
2022,Sweden,Europe,134.34,12603.4,50.7,92.3,33.0,Sports,PC,102,26214,84.8,93.6,0.66,0.82,0.0,29.0,56.0,21.4,401
2023,Sweden,Europe,167.21,14710.2,48.5,110.7,120.1,MOBA,PC,47,6768,88.5,87.6,0.7,0.88,0.0,30.6,59.0,16.1,65
2024,Sweden,Europe,208.12,10804.7,50.0,127.4,123.0,FPS,PC,103,16892,93.3,75.1,0.79,0.94,0.0,33.0,62.0,24.3,348
2025,Sweden,Europe,259.04,29877.6,13.2,27.5,104.4,MOBA,PC,41,6724,62.7,97.3,0.96,1.0,0.0,38.4,65.0,11.3,317
2010,Netherlands,Europe,10.49,1358.4,18.1,32.4,67.6,FPS,Console,32,5696,94.3,95.4,0.06,0.1,0.0,6.1,20.0,5.5,379
2011,Netherlands,Europe,12.16,1784.9,27.9,69.9,59.6,MOBA,Console,110,13420,90.7,86.3,0.05,0.16,0.0,12.3,23.0,37.2,451
2012,Netherlands,Europe,14.09,1055.7,43.6,140.0,72.8,FPS,Mobile,16,4224,58.6,38.8,0.16,0.22,0.0,13.1,26.0,3.6,387
2013,Netherlands,Europe,16.32,2158.4,12.1,29.8,44.0,Sports,Console,19,5681,69.5,37.3,0.15,0.28,0.0,15.6,29.0,4.3,386
2014,Netherlands,Europe,18.91,1031.0,14.6,22.4,99.8,RPG,Mobile,25,6725,75.2,95.7,0.02,0.34,0.0,14.2,32.0,9.2,209
2015,Netherlands,Europe,21.91,1324.2,35.5,86.1,44.2,FPS,Console,113,17063,76.8,80.4,0.12,0.4,0.0,19.3,35.0,23.0,197
2016,Netherlands,Europe,25.38,1835.3,52.6,162.1,119.8,Sports,Mobile,68,16184,85.7,27.4,0.23,0.46,0.0,20.6,38.0,14.4,195
2017,Netherlands,Europe,29.41,1618.5,5.1,14.6,85.0,FPS,PC,44,6600,76.0,51.9,0.16,0.52,0.0,19.9,41.0,13.4,414
2018,Netherlands,Europe,34.07,4756.1,48.0,87.3,36.2,FPS,Mobile,94,17860,91.1,67.4,0.33,0.58,0.0,23.6,44.0,16.1,23
2019,Netherlands,Europe,39.48,5225.2,24.3,58.8,66.4,MOBA,PC,39,4251,68.9,70.1,0.48,0.64,0.0,24.1,47.0,7.0,312
2020,Netherlands,Europe,45.74,5289.2,58.3,153.1,115.8,RPG,Console,17,3128,92.2,74.6,0.44,1.09,0.39,26.0,50.0,4.3,346
2021,Netherlands,Europe,52.99,7631.8,4.7,10.1,82.6,RPG,PC,75,11700,73.9,65.3,0.62,1.22,0.46,26.2,53.0,29.3,430
2022,Netherlands,Europe,61.4,4185.9,11.1,35.0,35.0,Strategy,Mobile,49,6811,75.1,42.4,0.65,0.82,0.0,28.6,56.0,9.4,289
2023,Netherlands,Europe,71.13,3913.9,28.9,65.4,68.0,MOBA,Mobile,84,23184,80.5,57.1,0.78,0.88,0.0,30.7,59.0,14.5,69
2024,Netherlands,Europe,82.42,9544.3,2.5,8.4,58.5,MOBA,Mobile,112,5936,61.2,66.1,0.87,0.94,0.0,33.1,62.0,38.3,466
2025,Netherlands,Europe,95.49,7879.8,4.3,8.7,30.8,Sports,PC,21,3045,82.8,50.9,0.93,1.0,0.0,31.5,65.0,8.2,223
2010,South Africa,Africa,12.49,1397.6,28.4,86.8,149.7,MOBA,PC,80,10880,63.7,39.9,0.08,0.1,0.0,8.1,20.0,21.2,211
2011,South Africa,Africa,14.21,1147.1,33.7,78.7,49.2,FPS,Mobile,113,33561,90.4,31.3,0.04,0.16,0.0,12.8,23.0,28.8,323
2012,South Africa,Africa,16.17,893.4,11.3,24.4,39.2,Strategy,Console,79,4740,56.1,42.4,0.15,0.22,0.0,12.2,26.0,28.2,73
2013,South Africa,Africa,18.41,2499.6,44.4,150.7,123.8,MOBA,PC,111,24864,75.5,25.5,0.09,0.28,0.0,14.9,29.0,23.5,483
2014,South Africa,Africa,20.95,1616.2,54.4,122.5,96.0,RPG,PC,108,18684,60.0,48.8,0.15,0.34,0.0,14.6,32.0,27.7,301
2015,South Africa,Africa,23.84,1996.7,52.5,87.5,55.3,Sports,PC,78,9360,69.9,50.1,0.09,0.4,0.0,16.5,35.0,12.7,237
2016,South Africa,Africa,27.14,1943.6,14.1,29.5,139.3,Sports,Mobile,33,6501,68.4,76.0,0.21,0.46,0.0,23.7,38.0,11.0,462
2017,South Africa,Africa,30.88,2586.6,48.6,96.8,147.1,Sports,PC,104,7384,60.3,55.8,0.28,0.52,0.0,24.1,41.0,24.4,79
2018,South Africa,Africa,35.15,2253.4,33.6,57.6,35.4,MOBA,PC,91,15925,94.5,27.3,0.35,0.58,0.0,24.1,44.0,25.8,146
2019,South Africa,Africa,40.0,5464.9,18.8,45.8,104.3,FPS,Mobile,14,2506,51.1,57.2,0.46,0.64,0.0,28.7,47.0,4.3,97
2020,South Africa,Africa,45.53,2350.2,49.5,78.2,136.8,Sports,PC,96,26208,84.4,44.0,0.57,1.23,0.53,27.3,50.0,21.5,289
2021,South Africa,Africa,51.82,3074.1,57.9,102.5,48.2,FPS,Mobile,31,5022,75.9,57.2,0.57,1.16,0.4,27.8,53.0,12.0,175
2022,South Africa,Africa,58.97,4858.3,40.3,113.1,60.1,Sports,Mobile,84,24024,52.0,80.1,0.69,0.82,0.0,29.9,56.0,25.3,171
2023,South Africa,Africa,67.12,6117.0,9.3,14.5,104.7,Sports,Mobile,102,22950,69.2,66.1,0.76,0.88,0.0,29.2,59.0,16.0,417
2024,South Africa,Africa,76.39,9972.7,25.1,78.0,101.0,Strategy,Mobile,88,15312,74.6,88.0,0.93,0.94,0.0,33.1,62.0,13.7,225
2025,South Africa,Africa,86.94,7881.8,10.3,30.2,65.2,Sports,PC,82,14432,63.9,87.8,0.93,1.0,0.0,34.5,65.0,26.6,157
2010,Saudi Arabia,Middle East,14.24,1614.7,36.4,55.8,117.5,Strategy,Console,20,2600,55.7,86.0,0.13,0.1,0.0,7.7,20.0,6.3,410
2011,Saudi Arabia,Middle East,15.8,1425.0,44.3,135.5,44.2,FPS,Console,101,29694,56.7,31.9,0.06,0.16,0.0,12.2,23.0,33.1,297
2012,Saudi Arabia,Middle East,17.52,1025.2,33.8,76.5,102.9,FPS,Console,95,13110,53.6,87.2,0.13,0.22,0.0,18.9,26.0,23.5,63
2013,Saudi Arabia,Middle East,19.44,2669.6,59.7,159.2,127.5,FPS,Mobile,62,14260,80.3,76.2,0.17,0.28,0.0,10.0,29.0,14.0,38
2014,Saudi Arabia,Middle East,21.56,2669.8,40.7,70.7,98.7,RPG,Mobile,24,2928,94.8,31.9,0.05,0.34,0.0,19.5,32.0,8.4,180
2015,Saudi Arabia,Middle East,23.91,2671.0,51.3,97.1,45.1,MOBA,Console,46,6394,76.4,65.6,0.08,0.4,0.0,14.9,35.0,8.1,29
2016,Saudi Arabia,Middle East,26.52,3913.0,29.5,48.2,35.8,MOBA,Console,46,9384,62.2,54.9,0.23,0.46,0.0,20.9,38.0,17.6,381
2017,Saudi Arabia,Middle East,29.42,4112.1,49.0,130.6,117.6,Sports,PC,11,660,81.5,82.8,0.31,0.52,0.0,18.6,41.0,4.1,149
2018,Saudi Arabia,Middle East,32.63,1699.6,20.3,32.8,122.0,Sports,Console,58,13572,91.9,75.7,0.38,0.58,0.0,22.8,44.0,22.7,131
2019,Saudi Arabia,Middle East,36.19,2717.3,9.0,24.0,146.3,RPG,PC,30,6060,72.8,37.1,0.45,0.64,0.0,24.7,47.0,5.0,295
2020,Saudi Arabia,Middle East,40.14,2007.7,37.6,102.8,84.9,MOBA,Console,42,4746,79.2,96.6,0.52,1.1,0.4,26.6,50.0,14.8,178
2021,Saudi Arabia,Middle East,44.52,2721.1,52.4,109.7,49.5,Sports,Console,64,13504,81.4,41.1,0.59,1.03,0.27,24.9,53.0,10.2,80
2022,Saudi Arabia,Middle East,49.38,5318.2,22.0,68.5,94.8,FPS,Mobile,47,3572,57.7,90.9,0.71,0.82,0.0,30.5,56.0,14.0,364
2023,Saudi Arabia,Middle East,54.77,6001.1,6.7,22.6,120.6,RPG,Mobile,43,12126,78.4,87.1,0.73,0.88,0.0,29.4,59.0,15.4,27
2024,Saudi Arabia,Middle East,60.75,7159.3,20.7,72.1,69.1,RPG,PC,10,1190,69.0,99.7,0.77,0.94,0.0,32.1,62.0,3.0,39
2025,Saudi Arabia,Middle East,67.38,8824.8,57.1,88.2,147.9,FPS,Console,25,3125,55.9,58.0,0.89,1.0,0.0,39.1,65.0,8.8,189
2010,Argentina,South America,1.34,128.3,45.6,151.1,130.2,RPG,Mobile,99,16929,61.9,62.8,0.09,0.1,0.0,9.5,20.0,25.8,481
2011,Argentina,South America,1.44,162.4,47.5,128.1,79.7,Sports,Console,20,2880,78.2,67.9,0.16,0.16,0.0,12.1,23.0,5.7,438
2012,Argentina,South America,1.54,198.4,18.4,58.5,95.2,RPG,Console,19,4712,83.4,43.3,0.12,0.22,0.0,14.2,26.0,4.9,44
2013,Argentina,South America,1.65,167.3,30.0,68.0,130.7,Strategy,Console,88,19712,53.2,68.0,0.09,0.28,0.0,13.9,29.0,24.3,342
2014,Argentina,South America,1.77,251.6,47.1,148.2,138.3,MOBA,Console,117,32526,76.5,59.1,0.07,0.34,0.0,16.0,32.0,30.7,378
2015,Argentina,South America,1.91,163.5,59.4,170.4,143.9,Sports,Mobile,22,5258,80.3,37.7,0.02,0.4,0.0,18.6,35.0,5.4,101
2016,Argentina,South America,2.04,202.3,26.1,40.4,70.2,RPG,Mobile,50,14900,77.0,79.6,0.12,0.46,0.0,23.5,38.0,8.7,441
2017,Argentina,South America,2.19,146.9,5.0,13.6,54.9,Sports,Console,78,23088,69.7,72.1,0.26,0.52,0.0,19.6,41.0,13.9,448
2018,Argentina,South America,2.36,313.4,15.0,34.5,79.2,RPG,Mobile,90,18000,86.5,45.4,0.37,0.58,0.0,22.6,44.0,13.9,453
2019,Argentina,South America,2.53,329.7,52.3,84.6,113.0,Strategy,Mobile,102,17952,73.4,99.7,0.48,0.64,0.0,25.6,47.0,25.9,25
2020,Argentina,South America,2.71,170.3,25.7,56.8,66.3,Strategy,Console,91,20020,65.7,43.3,0.41,1.15,0.45,30.4,50.0,29.6,414
2021,Argentina,South America,2.91,206.8,45.1,69.8,72.6,RPG,PC,54,12150,83.5,55.9,0.68,1.15,0.39,31.5,53.0,15.7,30
2022,Argentina,South America,3.13,308.9,9.7,19.7,80.3,FPS,Mobile,21,1617,50.3,62.2,0.69,0.82,0.0,32.9,56.0,5.8,258
2023,Argentina,South America,3.35,274.6,8.1,14.2,98.9,FPS,PC,101,20301,55.6,44.0,0.72,0.88,0.0,31.3,59.0,15.9,10
2024,Argentina,South America,3.6,500.7,36.6,114.3,81.6,FPS,Mobile,20,4620,58.1,45.2,0.83,0.94,0.0,35.5,62.0,7.6,245
2025,Argentina,South America,3.86,361.7,36.5,97.7,38.1,MOBA,Mobile,109,10573,73.3,41.0,0.87,1.0,0.0,37.5,65.0,21.2,453
2010,Poland,Europe,1.2,164.2,19.9,41.6,61.9,Strategy,Console,19,2812,79.8,85.6,0.02,0.1,0.0,13.0,20.0,5.5,120
2011,Poland,Europe,1.35,202.3,43.8,90.8,135.6,FPS,Mobile,116,27840,61.5,41.5,0.12,0.16,0.0,12.1,23.0,24.1,307
2012,Poland,Europe,1.52,178.2,15.9,47.9,121.2,Strategy,Console,6,1770,67.4,53.0,0.1,0.22,0.0,15.6,26.0,1.5,206
2013,Poland,Europe,1.7,249.4,24.8,43.7,110.6,MOBA,Console,17,2907,72.7,48.4,0.14,0.28,0.0,17.1,29.0,5.0,91
2014,Poland,Europe,1.91,216.9,25.1,38.0,92.8,FPS,Console,66,12738,83.8,92.3,0.07,0.34,0.0,14.6,32.0,23.3,192
2015,Poland,Europe,2.14,244.6,3.5,10.7,138.4,Sports,Console,108,24624,89.4,47.7,0.12,0.4,0.0,16.5,35.0,22.9,470
2016,Poland,Europe,2.4,186.0,54.9,93.0,132.4,RPG,Mobile,29,6728,61.0,48.0,0.2,0.46,0.0,20.8,38.0,8.0,293
2017,Poland,Europe,2.7,171.9,57.2,123.5,109.5,Sports,Mobile,98,10584,88.6,34.9,0.28,0.52,0.0,22.3,41.0,34.6,394
2018,Poland,Europe,3.03,347.1,38.2,106.2,66.9,Sports,Console,11,836,57.6,87.7,0.3,0.58,0.0,23.7,44.0,4.3,382
2019,Poland,Europe,3.4,366.1,19.9,48.7,125.2,RPG,Mobile,52,14196,80.2,77.3,0.36,0.64,0.0,28.4,47.0,19.9,424
2020,Poland,Europe,3.81,423.8,19.8,42.5,38.5,RPG,Mobile,31,1984,92.4,47.4,0.46,0.96,0.26,25.8,50.0,11.3,481
2021,Poland,Europe,4.28,237.8,16.8,43.0,50.6,Strategy,PC,86,25370,56.2,98.7,0.58,1.35,0.59,28.6,53.0,22.8,319
2022,Poland,Europe,4.8,657.0,32.7,79.8,79.3,MOBA,Mobile,26,2184,80.3,35.3,0.53,0.82,0.0,27.2,56.0,9.7,345
2023,Poland,Europe,5.38,545.3,20.6,55.5,149.5,RPG,PC,73,8614,75.7,60.9,0.78,0.88,0.0,30.0,59.0,27.8,435
2024,Poland,Europe,6.04,374.8,5.9,17.5,141.5,Sports,PC,101,5050,65.7,53.1,0.78,0.94,0.0,34.4,62.0,18.2,41
2025,Poland,Europe,6.78,846.9,55.2,94.8,57.9,FPS,PC,118,18290,53.7,58.9,0.85,1.0,0.0,36.6,65.0,25.8,122
2010,Thailand,Asia,7.22,986.1,2.6,7.9,85.3,MOBA,Console,71,8520,84.0,43.6,0.16,0.1,0.0,10.1,20.0,19.2,202
2011,Thailand,Asia,8.55,1166.0,17.5,44.9,133.1,RPG,Mobile,51,6375,65.2,87.1,0.09,0.16,0.0,13.5,23.0,19.8,431
2012,Thailand,Asia,10.14,694.4,26.8,43.5,56.9,RPG,Mobile,66,5214,72.2,49.8,0.11,0.22,0.0,11.1,26.0,17.1,107
2013,Thailand,Asia,12.02,1452.5,59.6,127.0,110.9,RPG,Console,83,13197,55.6,30.3,0.08,0.28,0.0,16.9,29.0,31.5,300
2014,Thailand,Asia,14.24,1762.7,10.1,23.9,87.9,Sports,Mobile,30,3870,72.6,26.1,0.1,0.34,0.0,14.1,32.0,5.4,196
2015,Thailand,Asia,16.88,1323.4,18.8,42.3,77.2,RPG,Mobile,82,5330,57.5,48.3,0.09,0.4,0.0,18.8,35.0,15.6,494
2016,Thailand,Asia,20.0,1822.4,40.5,70.3,78.2,FPS,Console,87,16965,92.8,40.7,0.2,0.46,0.0,22.0,38.0,17.8,344
2017,Thailand,Asia,23.7,1287.2,12.4,28.3,143.7,FPS,Console,65,11635,77.9,60.8,0.25,0.52,0.0,22.5,41.0,22.2,422
2018,Thailand,Asia,28.09,1943.8,10.5,35.3,140.1,MOBA,Console,7,749,53.1,50.1,0.4,0.58,0.0,20.4,44.0,2.1,279
2019,Thailand,Asia,33.29,3725.6,49.8,143.4,96.2,RPG,Console,64,16512,79.6,67.3,0.45,0.64,0.0,25.4,47.0,16.4,213
2020,Thailand,Asia,39.45,5223.4,13.8,33.7,126.1,Strategy,Console,6,1056,59.0,55.9,0.45,1.14,0.44,29.5,50.0,1.1,456
2021,Thailand,Asia,46.75,4022.8,7.1,13.4,95.5,Strategy,PC,114,19266,50.3,61.3,0.6,1.19,0.43,29.7,53.0,32.6,327
2022,Thailand,Asia,55.41,3388.2,35.1,93.4,115.8,Strategy,Mobile,89,17622,74.1,39.7,0.63,0.82,0.0,32.1,56.0,23.2,221
2023,Thailand,Asia,65.67,5726.7,46.1,100.3,144.2,RPG,PC,24,4056,64.1,62.4,0.73,0.88,0.0,32.9,59.0,7.2,485
2024,Thailand,Asia,77.82,11044.8,26.6,58.1,145.4,MOBA,PC,86,23478,90.9,67.7,0.86,0.94,0.0,31.7,62.0,23.4,426
2025,Thailand,Asia,92.23,11299.2,48.2,152.5,148.3,Sports,PC,104,17264,83.5,58.4,0.81,1.0,0.0,33.7,65.0,31.2,34
2010,Singapore,Asia,6.63,567.9,38.8,72.7,119.9,FPS,Mobile,47,9541,51.2,53.5,0.18,0.1,0.0,9.4,20.0,9.4,460
2011,Singapore,Asia,7.85,765.5,54.1,137.9,114.9,MOBA,PC,92,16100,59.3,25.1,0.1,0.16,0.0,12.8,23.0,24.1,75
2012,Singapore,Asia,9.3,775.4,24.5,43.5,118.6,Sports,Mobile,24,5664,88.5,56.4,0.1,0.22,0.0,13.1,26.0,9.2,348
2013,Singapore,Asia,11.02,626.4,54.0,94.0,69.3,RPG,Mobile,98,16268,59.3,88.9,0.16,0.28,0.0,12.3,29.0,24.3,366
2014,Singapore,Asia,13.06,890.1,27.0,49.4,114.8,Strategy,Mobile,41,2378,59.5,28.1,0.13,0.34,0.0,17.5,32.0,12.7,158
2015,Singapore,Asia,15.47,2209.6,44.8,94.7,61.8,MOBA,PC,14,2646,87.0,32.6,0.13,0.4,0.0,20.0,35.0,2.8,460
2016,Singapore,Asia,18.32,1950.5,36.8,67.5,75.6,Strategy,Console,90,15300,91.5,82.2,0.2,0.46,0.0,16.2,38.0,35.3,363
2017,Singapore,Asia,21.71,2143.2,3.4,6.9,78.9,MOBA,PC,15,2595,86.2,38.9,0.23,0.52,0.0,19.6,41.0,4.2,486
2018,Singapore,Asia,25.72,3487.8,45.5,141.5,46.4,FPS,PC,98,21168,82.6,87.7,0.35,0.58,0.0,18.5,44.0,36.6,198
2019,Singapore,Asia,30.47,4328.8,2.7,7.0,118.9,Strategy,Mobile,28,2800,77.6,42.7,0.32,0.64,0.0,24.4,47.0,4.8,481
2020,Singapore,Asia,36.1,3454.4,51.0,88.2,60.6,MOBA,PC,56,12264,55.4,27.7,0.54,1.09,0.39,28.3,50.0,9.3,189
2021,Singapore,Asia,42.77,4480.5,56.7,113.6,42.1,RPG,Mobile,105,28875,65.6,74.0,0.65,1.13,0.37,26.8,53.0,31.9,263
2022,Singapore,Asia,50.68,4392.5,7.8,23.6,146.0,Strategy,PC,62,16554,62.8,72.3,0.63,0.82,0.0,29.4,56.0,22.7,238
2023,Singapore,Asia,60.04,4594.1,11.8,20.0,80.3,Strategy,Mobile,12,804,74.6,43.7,0.69,0.88,0.0,30.4,59.0,4.5,294
2024,Singapore,Asia,71.13,4284.6,45.6,151.1,119.2,Sports,Mobile,86,10836,50.5,54.6,0.82,0.94,0.0,30.3,62.0,31.4,483
2025,Singapore,Asia,84.27,9115.7,46.4,107.4,135.6,Strategy,PC,9,2268,55.9,48.2,0.85,1.0,0.0,35.4,65.0,3.4,371
